Time (s),Mass (kg),Force (kN)
0.001799043062200957,1200.0,15.596330275229377
0.0018181818181818182,1200.2305918524212,15.596330275229377
0.0014832535885167463,1200.4611837048424,15.596330275229377
0.0015119617224880382,1200.6917755572636,15.596330275229377
0.0008133971291866029,1200.922367409685,16.513761467889935
0.0008133971291866029,1201.1529592621062,15.596330275229377
0.0008325358851674642,1201.3835511145273,15.596330275229377
0.0008229665071770335,1201.6141429669485,15.596330275229377
0.00021052631578947367,1201.8447348193697,16.513761467889935
0.00021052631578947367,1202.075326671791,15.596330275229377
0.00020095693779904306,1202.305918524212,14.678899082568819
0.00018181818181818183,1202.5365103766333,14.678899082568819
0.00020095693779904306,1202.7671022290547,14.678899082568819
0.00021052631578947367,1202.9976940814759,15.596330275229377
0.0019425837320574163,1203.228285933897,18.348623853210995
0.0018851674641148326,1203.4588777863182,18.348623853210995
0.001799043062200957,1203.6894696387394,19.266055045871553
0.0008612440191387561,1203.9200614911606,21.10091743119267
0.0008612440191387561,1204.1506533435818,16.513761467889935
0.00019138755980861245,1204.381245196003,21.10091743119267
0.00019138755980861245,1204.6118370484244,18.348623853210995
0.00021052631578947367,1204.8424289008456,18.348623853210995
0.00022009569377990433,1205.0730207532667,19.266055045871553
0.00022009569377990433,1205.303612605688,20.18348623853211
0.00021052631578947367,1205.5342044581091,21.10091743119267
0.001799043062200957,1205.7647963105303,22.018348623853228
0.001799043062200957,1205.9953881629515,21.10091743119267
0.000937799043062201,1206.225980015373,22.018348623853228
0.000937799043062201,1206.456571867794,16.513761467889935
0.0008133971291866029,1206.6871637202153,22.018348623853228
0.0008133971291866029,1206.9177555726365,18.348623853210995
0.0018851674641148326,1207.1483474250576,22.935779816513786
0.001894736842105263,1207.3789392774788,22.935779816513786
0.0019234449760765552,1207.6095311299,20.18348623853211
0.0019234449760765552,1207.8401229823212,19.266055045871553
0.0019234449760765552,1208.0707148347426,20.18348623853211
0.0019330143540669858,1208.3013066871638,21.10091743119267
0.0019425837320574163,1208.531898539585,20.18348623853211
0.0019521531100478468,1208.7624903920062,20.18348623853211
0.0019617224880382777,1208.9930822444273,19.266055045871553
0.0019617224880382777,1209.2236740968485,16.513761467889935
0.0019521531100478468,1209.4542659492697,15.596330275229377
0.0019425837320574163,1209.684857801691,15.596330275229377
0.0019234449760765552,1209.9154496541123,17.431192660550437
0.0019138755980861245,1210.1460415065335,16.513761467889935
0.0019043062200956938,1210.3766333589547,17.431192660550437
0.0019043062200956938,1210.6072252113759,19.266055045871553
0.001894736842105263,1210.837817063797,20.18348623853211
0.0018851674641148326,1211.0684089162182,20.18348623853211
0.001875598086124402,1211.2990007686394,21.10091743119267
0.0018660287081339712,1211.5295926210608,20.18348623853211
0.0018660287081339712,1211.760184473482,19.266055045871553
0.0018660287081339712,1211.9907763259032,20.18348623853211
0.001875598086124402,1212.2213681783244,21.10091743119267
0.0018851674641148326,1212.4519600307456,20.18348623853211
0.001894736842105263,1212.6825518831668,20.18348623853211
0.0019043062200956938,1212.913143735588,19.266055045871553
0.0019043062200956938,1213.1437355880091,16.513761467889935
0.001894736842105263,1213.3743274404305,15.596330275229377
0.0018851674641148326,1213.6049192928517,15.596330275229377
0.0018660287081339712,1213.835511145273,17.431192660550437
0.001875598086124402,1214.066102997694,16.513761467889935
0.0018660287081339712,1214.2966948501153,15.596330275229377
0.0018564593301435405,1214.5272867025365,15.596330275229377
0.0018468899521531103,1214.7578785549576,16.513761467889935
0.0018468899521531103,1214.9884704073788,21.10091743119267
0.0018564593301435405,1215.2190622598002,22.018348623853228
0.0018468899521531103,1215.4496541122214,21.10091743119267
0.0018373205741626796,1215.6802459646426,22.018348623853228
0.0018277511961722489,1215.9108378170638,21.10091743119267
0.0018181818181818182,1216.141429669485,21.10091743119267
0.0018277511961722489,1216.3720215219062,20.18348623853211
0.0018277511961722489,1216.6026133743273,18.348623853210995
0.0018181818181818182,1216.8332052267488,17.431192660550437
0.0018086124401913875,1217.06379707917,17.431192660550437
0.0018277511961722489,1217.2943889315911,17.431192660550437
0.0018277511961722489,1217.5249807840123,21.10091743119267
0.0018373205741626796,1217.7555726364335,22.018348623853228
0.0018468899521531103,1217.9861644888547,21.10091743119267
0.0018468899521531103,1218.2167563412759,16.513761467889935
0.0018373205741626796,1218.447348193697,15.596330275229377
0.0018468899521531103,1218.6779400461185,16.513761467889935
0.0018564593301435405,1218.9085318985396,15.596330275229377
0.0019043062200956938,1219.1391237509608,15.596330275229377
0.0019138755980861245,1219.369715603382,16.513761467889935
0.0019234449760765552,1219.6003074558032,15.596330275229377
0.0019617224880382777,1219.8308993082244,15.596330275229377
0.0019617224880382777,1220.0614911606456,19.266055045871553
0.0019521531100478468,1220.292083013067,20.18348623853211
0.0019617224880382777,1220.5226748654882,21.10091743119267
0.0019617224880382777,1220.7532667179094,22.935779816513786
0.0019425837320574163,1220.9838585703305,22.935779816513786
0.0019521531100478468,1221.2144504227517,22.935779816513786
0.0019617224880382777,1221.445042275173,22.018348623853228
0.0019617224880382777,1221.675634127594,21.10091743119267
0.0019521531100478468,1221.9062259800153,20.18348623853211
0.0019425837320574163,1222.1368178324367,20.18348623853211
0.0019330143540669858,1222.3674096848579,21.10091743119267
0.0019138755980861245,1222.598001537279,21.10091743119267
0.0019043062200956938,1222.8285933897002,22.018348623853228
0.0019043062200956938,1223.0591852421214,22.935779816513786
0.0018181818181818182,1223.2897770945426,22.935779816513786
0.0017033492822966507,1223.5203689469638,22.935779816513786
0.00169377990430622,1223.750960799385,22.018348623853228
0.0016842105263157893,1223.9815526518064,22.018348623853228
0.0016842105263157893,1224.2121445042276,16.513761467889935
0.00169377990430622,1224.4427363566488,15.596330275229377
0.0017033492822966507,1224.67332820907,16.513761467889935
0.0017129186602870814,1224.9039200614911,15.596330275229377
0.0017224880382775121,1225.1345119139123,16.513761467889935
0.0017320574162679426,1225.3651037663335,15.596330275229377
0.001770334928229665,1225.5956956187547,15.596330275229377
0.0017799043062200956,1225.826287471176,16.513761467889935
0.0017799043062200956,1226.0568793235973,22.018348623853228
0.001770334928229665,1226.2874711760185,22.935779816513786
0.001751196172248804,1226.5180630284397,22.935779816513786
0.001770334928229665,1226.7486548808608,22.935779816513786
0.0017799043062200956,1226.979246733282,22.018348623853228
0.0017799043062200956,1227.2098385857032,16.513761467889935
0.001770334928229665,1227.4404304381246,15.596330275229377
0.0017607655502392347,1227.6710222905458,16.513761467889935
0.0017607655502392347,1227.901614142967,21.10091743119267
0.0017416267942583733,1228.1322059953882,21.10091743119267
0.0017416267942583733,1228.3627978478094,16.513761467889935
0.0017320574162679426,1228.5933897002305,15.596330275229377
0.0017224880382775121,1228.8239815526517,16.513761467889935
0.0017224880382775121,1229.054573405073,21.10091743119267
0.0017033492822966507,1229.2851652574943,21.10091743119267
0.00169377990430622,1229.5157571099155,22.018348623853228
0.0017033492822966507,1229.7463489623367,22.935779816513786
0.0017224880382775121,1229.9769408147579,22.935779816513786
0.0015406698564593303,1230.207532667179,22.935779816513786
0.0015406698564593303,1230.4381245196003,21.10091743119267
0.0015311004784688996,1230.6687163720214,20.18348623853211
0.0015215311004784689,1230.8993082244428,21.10091743119267
0.0015311004784688996,1231.129900076864,20.18348623853211
0.0015311004784688996,1231.3604919292852,17.431192660550437
0.001550239234449761,1231.5910837817064,15.596330275229377
0.0015789473684210526,1231.8216756341276,15.596330275229377
0.0015885167464114833,1232.0522674865488,16.513761467889935
0.0015980861244019138,1232.28285933897,16.513761467889935
0.0016076555023923445,1232.5134511913911,15.596330275229377
0.0016267942583732058,1232.7440430438126,15.596330275229377
0.0016267942583732058,1232.9746348962337,17.431192660550437
0.0016172248803827752,1233.205226748655,18.348623853210995
0.0016172248803827752,1233.435818601076,20.18348623853211
0.0016267942583732058,1233.6664104534973,21.10091743119267
0.0016172248803827752,1233.8970023059185,22.018348623853228
0.0016267942583732058,1234.1275941583397,22.935779816513786
0.0015980861244019138,1234.3581860107608,22.935779816513786
0.0015980861244019138,1234.5887778631823,22.018348623853228
0.0015885167464114833,1234.8193697156034,21.10091743119267
0.0015789473684210526,1235.0499615680246,22.018348623853228
0.0015789473684210526,1235.2805534204458,22.935779816513786
0.0014736842105263158,1235.511145272867,22.935779816513786
0.0014736842105263158,1235.7417371252882,22.018348623853228
0.0014832535885167463,1235.9723289777094,21.10091743119267
0.0014832535885167463,1236.2029208301306,20.18348623853211
0.001492822966507177,1236.433512682552,21.10091743119267
0.0015023923444976077,1236.6641045349731,20.18348623853211
0.0015023923444976077,1236.8946963873943,22.018348623853228
0.001492822966507177,1237.1252882398155,22.935779816513786
0.0013779904306220098,1237.3558800922367,22.935779816513786
0.0013779904306220098,1237.586471944658,18.348623853210995
0.001368421052631579,1237.817063797079,17.431192660550437
0.0013779904306220098,1238.0476556495005,17.431192660550437
0.0013779904306220098,1238.2782475019217,22.018348623853228
0.00138755980861244,1238.5088393543429,22.935779816513786
0.0013971291866028707,1238.739431206764,22.018348623853228
0.0013971291866028707,1238.9700230591852,16.513761467889935
0.0014066985645933014,1239.2006149116064,15.596330275229377
0.0014162679425837321,1239.4312067640276,16.513761467889935
0.0014258373205741626,1239.6617986164488,15.596330275229377
0.0014354066985645933,1239.8923904688702,16.513761467889935
0.0014354066985645933,1240.1229823212914,20.18348623853211
0.001444976076555024,1240.3535741737126,21.10091743119267
0.0014545454545454547,1240.5841660261337,21.10091743119267
0.0014641148325358854,1240.814757878555,20.18348623853211
0.0014641148325358854,1241.045349730976,19.266055045871553
0.0014736842105263158,1241.2759415833973,18.348623853210995
0.0014736842105263158,1241.5065334358187,17.431192660550437
0.0014641148325358854,1241.73712528824,16.513761467889935
0.0014641148325358854,1241.967717140661,12.844036697247702
0.0015215311004784689,1242.1983089930823,12.844036697247702
0.0015215311004784689,1242.4289008455034,13.76146788990826
0.0015311004784688996,1242.6594926979246,14.678899082568819
0.0015119617224880382,1242.8900845503458,12.844036697247702
0.0014736842105263158,1243.120676402767,12.844036697247702
0.0014641148325358854,1243.3512682551884,13.76146788990826
0.0014641148325358854,1243.5818601076096,16.513761467889935
0.0014736842105263158,1243.8124519600308,17.431192660550437
0.0015119617224880382,1244.043043812452,17.431192660550437
0.0015119617224880382,1244.2736356648732,18.348623853210995
0.0015023923444976077,1244.5042275172943,17.431192660550437
0.0014832535885167463,1244.7348193697155,17.431192660550437
0.0014641148325358854,1244.9654112221367,19.266055045871553
0.0014641148325358854,1245.1960030745581,20.18348623853211
0.0014545454545454547,1245.4265949269793,21.10091743119267
0.0014545454545454547,1245.6571867794005,22.935779816513786
0.001444976076555024,1245.8877786318217,22.935779816513786
0.0014545454545454547,1246.1183704842429,22.018348623853228
0.001444976076555024,1246.348962336664,21.10091743119267
0.0014354066985645933,1246.5795541890852,21.10091743119267
0.0014258373205741626,1246.8101460415064,22.018348623853228
0.0014162679425837321,1247.0407378939278,22.018348623853228
0.0014162679425837321,1247.271329746349,16.513761467889935
0.0014066985645933014,1247.5019215987702,15.596330275229377
0.0013971291866028707,1247.7325134511914,16.513761467889935
0.0013971291866028707,1247.9631053036126,22.018348623853228
0.00138755980861244,1248.1936971560337,22.935779816513786
0.0013014354066985645,1248.424289008455,22.935779816513786
0.0013014354066985645,1248.6548808608763,20.18348623853211
0.0013110047846889952,1248.8854727132975,19.266055045871553
0.0013110047846889952,1249.1160645657187,15.596330275229377
0.0013397129186602872,1249.34665641814,15.596330275229377
0.0013492822966507177,1249.577248270561,16.513761467889935
0.0013588516746411484,1249.8078401229823,15.596330275229377
0.0013779904306220098,1250.0384319754035,15.596330275229377
0.0013588516746411484,1250.2690238278246,15.596330275229377
0.0013492822966507177,1250.499615680246,16.513761467889935
0.0013492822966507177,1250.7302075326672,21.10091743119267
0.0013588516746411484,1250.9607993850884,22.018348623853228
0.0013492822966507177,1251.1913912375096,22.018348623853228
0.0013492822966507177,1251.4219830899308,16.513761467889935
0.0013397129186602872,1251.652574942352,15.596330275229377
0.0013301435406698565,1251.8831667947732,16.513761467889935
0.0013301435406698565,1252.1137586471946,18.348623853210995
0.0013301435406698565,1252.3443504996158,16.513761467889935
0.0013205741626794258,1252.574942352037,15.596330275229377
0.0013110047846889952,1252.8055342044581,16.513761467889935
0.0013110047846889952,1253.0361260568793,19.266055045871553
0.0013014354066985645,1253.2667179093005,20.18348623853211
0.0013014354066985645,1253.4973097617217,22.018348623853228
0.0013110047846889952,1253.7279016141429,22.935779816513786
0.0013205741626794258,1253.9584934665643,22.935779816513786
0.0013301435406698565,1254.1890853189855,22.018348623853228
0.0013205741626794258,1254.4196771714066,21.10091743119267
0.0013301435406698565,1254.6502690238278,21.10091743119267
0.0013301435406698565,1254.880860876249,22.935779816513786
0.001167464114832536,1255.1114527286702,22.935779816513786
0.0011578947368421054,1255.3420445810914,22.018348623853228
0.0011483253588516747,1255.5726364335126,22.018348623853228
0.001138755980861244,1255.803228285934,21.10091743119267
0.001138755980861244,1256.0338201383552,18.348623853210995
0.0011483253588516747,1256.2644119907764,17.431192660550437
0.0011483253588516747,1256.4950038431975,16.513761467889935
0.0011578947368421054,1256.7255956956187,15.596330275229377
0.0011961722488038277,1256.95618754804,15.596330275229377
0.0012057416267942584,1257.186779400461,16.513761467889935
0.0012057416267942584,1257.4173712528825,18.348623853210995
0.0011961722488038277,1257.6479631053037,19.266055045871553
0.0012057416267942584,1257.8785549577249,20.18348623853211
0.0012057416267942584,1258.109146810146,22.018348623853228
0.0011961722488038277,1258.3397386625672,22.935779816513786
0.001062200956937799,1258.5703305149884,22.935779816513786
0.0010526315789473684,1258.8009223674096,22.018348623853228
0.0010334928229665072,1259.0315142198308,22.018348623853228
0.0010334928229665072,1259.2621060722522,21.10091743119267
0.0010239234449760765,1259.4926979246734,20.18348623853211
0.0010239234449760765,1259.7232897770946,18.348623853210995
0.0010334928229665072,1259.9538816295158,17.431192660550437
0.0010334928229665072,1260.184473481937,16.513761467889935
0.0010430622009569377,1260.4150653343581,15.596330275229377
0.0010526315789473684,1260.6456571867793,16.513761467889935
0.001062200956937799,1260.8762490392005,15.596330275229377
0.0010717703349282298,1261.106840891622,16.513761467889935
0.0010813397129186605,1261.337432744043,15.596330275229377
0.001090909090909091,1261.5680245964643,16.513761467889935
0.001090909090909091,1261.7986164488855,22.018348623853228
0.0010813397129186605,1262.0292083013067,22.935779816513786
0.0009665071770334929,1262.2598001537278,22.935779816513786
0.0009569377990430622,1262.490392006149,22.018348623853228
0.0009569377990430622,1262.7209838585704,17.431192660550437
0.0009760765550239234,1262.9515757109916,15.596330275229377
0.0010047846889952152,1263.1821675634128,15.596330275229377
0.0010143540669856458,1263.412759415834,16.513761467889935
0.0010047846889952152,1263.6433512682552,15.596330275229377
0.0009760765550239234,1263.8739431206764,15.596330275229377
0.0009665071770334929,1264.1045349730975,16.513761467889935
0.0009760765550239234,1264.3351268255187,17.431192660550437
0.0009952153110047847,1264.5657186779401,17.431192660550437
0.0010047846889952152,1264.7963105303613,18.348623853210995
0.0010047846889952152,1265.0269023827825,20.18348623853211
0.0009952153110047847,1265.2574942352037,21.10091743119267
0.0009760765550239234,1265.4880860876249,21.10091743119267
0.0009760765550239234,1265.718677940046,17.431192660550437
0.0009665071770334929,1265.9492697924672,16.513761467889935
0.0009569377990430622,1266.1798616448887,17.431192660550437
0.0009569377990430622,1266.4104534973098,22.018348623853228
0.0009665071770334929,1266.641045349731,22.935779816513786
0.0010047846889952152,1266.8716372021522,22.935779816513786
0.0010143540669856458,1267.1022290545734,22.018348623853228
0.0010047846889952152,1267.3328209069946,22.935779816513786
0.0008708133971291866,1267.5634127594158,22.935779816513786
0.0008899521531100478,1267.794004611837,22.935779816513786
0.0008995215311004785,1268.0245964642584,22.018348623853228
0.0008899521531100478,1268.2551883166796,21.10091743119267
0.0008803827751196173,1268.4857801691007,21.10091743119267
0.0008803827751196173,1268.716372021522,15.596330275229377
0.0009090909090909091,1268.946963873943,15.596330275229377
0.0008995215311004785,1269.1775557263643,16.513761467889935
0.0009090909090909091,1269.4081475787855,17.431192660550437
0.0009186602870813398,1269.6387394312067,17.431192660550437
0.0009186602870813398,1269.869331283628,22.018348623853228
0.0009090909090909091,1270.0999231360493,22.935779816513786
0.0008325358851674642,1270.3305149884704,22.935779816513786
0.0008421052631578947,1270.5611068408916,22.018348623853228
0.0008421052631578947,1270.7916986933128,18.348623853210995
0.0008325358851674642,1271.022290545734,17.431192660550437
0.0008421052631578947,1271.2528823981552,17.431192660550437
0.0008421052631578947,1271.4834742505764,22.018348623853228
0.0006794258373205742,1271.7140661029978,22.935779816513786
0.0006794258373205742,1271.944657955419,18.348623853210995
0.0006698564593301436,1272.1752498078401,17.431192660550437
0.0006794258373205742,1272.4058416602613,17.431192660550437
0.0006794258373205742,1272.6364335126825,22.018348623853228
0.0006889952153110049,1272.8670253651037,22.935779816513786
0.0006985645933014354,1273.0976172175249,22.018348623853228
0.0006985645933014354,1273.3282090699463,16.513761467889935
0.0007081339712918661,1273.5588009223675,15.596330275229377
0.0007177033492822966,1273.7893927747887,16.513761467889935
0.0007272727272727273,1274.0199846272099,15.596330275229377
0.0007368421052631579,1274.250576479631,16.513761467889935
0.0007368421052631579,1274.4811683320522,20.18348623853211
0.0007464114832535885,1274.7117601844734,21.10091743119267
0.0007559808612440191,1274.9423520368946,21.10091743119267
0.0007559808612440191,1275.172943889316,22.018348623853228
0.0007655502392344498,1275.4035357417372,22.935779816513786
0.0007751196172248805,1275.6341275941584,22.018348623853228
0.0007751196172248805,1275.8647194465796,16.513761467889935
0.0007751196172248805,1276.0953112990007,21.10091743119267
0.0007846889952153111,1276.325903151422,22.018348623853228
0.0007942583732057416,1276.556495003843,21.10091743119267
0.0007942583732057416,1276.7870868562645,17.431192660550437
0.0007942583732057416,1277.0176787086857,21.10091743119267
0.0007846889952153111,1277.248270561107,22.018348623853228
0.0007751196172248805,1277.478862413528,22.018348623853228
0.0007655502392344498,1277.7094542659493,22.935779816513786
0.0007272727272727273,1277.9400461183704,22.935779816513786
0.0007177033492822966,1278.1706379707916,22.018348623853228
0.0007177033492822966,1278.4012298232128,16.513761467889935
0.0007081339712918661,1278.6318216756342,15.596330275229377
0.0006985645933014354,1278.8624135280554,16.513761467889935
0.0006985645933014354,1279.0930053804766,22.018348623853228
0.0006889952153110049,1279.3235972328978,22.935779816513786
0.00018181818181818183,1279.554189085319,22.935779816513786
0.00017224880382775122,1279.7847809377402,22.018348623853228
0.00017224880382775122,1280.0153727901613,17.431192660550437
0.00018181818181818183,1280.2459646425825,16.513761467889935
0.00019138755980861245,1280.476556495004,16.513761467889935
0.00018181818181818183,1280.7071483474251,16.513761467889935
0.00017224880382775122,1280.9377401998463,17.431192660550437
0.00017224880382775122,1281.1683320522675,22.018348623853228
0.00018181818181818183,1281.3989239046887,22.935779816513786
0.00022009569377990433,1281.6295157571099,22.935779816513786
0.00023923444976076556,1281.860107609531,21.10091743119267
0.00023923444976076556,1282.0906994619522,18.348623853210995
0.00022966507177033495,1282.3212913143736,17.431192660550437
0.00022966507177033495,1282.5518831667948,14.678899082568819
0.00021052631578947367,1282.782475019216,12.844036697247702
0.00018181818181818183,1283.0130668716372,12.844036697247702
0.00022009569377990433,1283.2436587240584,12.844036697247702
0.00022966507177033495,1283.4742505764796,13.76146788990826
0.00022966507177033495,1283.7048424289007,17.431192660550437
0.00023923444976076556,1283.9354342813222,18.348623853210995
0.00024880382775119617,1284.1660261337433,17.431192660550437
0.00024880382775119617,1284.3966179861645,16.513761467889935
0.00026794258373205745,1284.6272098385857,16.513761467889935
0.00026794258373205745,1284.857801691007,18.348623853210995
0.00026794258373205745,1285.088393543428,17.431192660550437
0.0002583732057416268,1285.3189853958493,16.513761467889935
0.00023923444976076556,1285.5495772482705,18.348623853210995
0.00023923444976076556,1285.7801691006919,21.10091743119267
0.00022966507177033495,1286.010760953113,22.018348623853228
0.00022966507177033495,1286.2413528055342,22.935779816513786
0.00039234449760765553,1286.4719446579554,24.770642201834846
0.00042105263157894734,1286.7025365103766,24.770642201834846
0.00043062200956937803,1286.9331283627978,23.853211009174345
0.00043062200956937803,1287.163720215219,17.431192660550437
0.00042105263157894734,1287.3943120676404,16.513761467889935
0.00041148325358851675,1287.6249039200616,17.431192660550437
0.00041148325358851675,1287.8554957724828,22.935779816513786
0.00039234449760765553,1288.086087624904,22.935779816513786
0.0004019138755980861,1288.3166794773251,22.935779816513786
0.00041148325358851675,1288.5472713297463,22.018348623853228
0.00041148325358851675,1288.7778631821675,16.513761467889935
0.00043062200956937803,1289.0084550345887,16.513761467889935
0.00043062200956937803,1289.23904688701,24.770642201834846
0.0012535885167464116,1289.4696387394313,25.688073394495405
0.0012631578947368421,1289.7002305918525,25.688073394495405
0.0012727272727272728,1289.9308224442736,24.770642201834846
0.0012631578947368421,1290.1614142966948,23.853211009174345
0.0012727272727272728,1290.392006149116,23.853211009174345
0.0012727272727272728,1290.6225980015372,25.688073394495405
0.0012344497607655503,1290.8531898539584,25.688073394495405
0.0012248803827751196,1291.0837817063798,24.770642201834846
0.0012248803827751196,1291.314373558801,16.513761467889935
0.0012344497607655503,1291.5449654112222,15.596330275229377
0.001244019138755981,1291.7755572636433,16.513761467889935
0.001244019138755981,1292.0061491160645,23.853211009174345
0.001244019138755981,1292.2367409684857,22.018348623853228
0.0012344497607655503,1292.467332820907,21.10091743119267
0.0012248803827751196,1292.697924673328,22.018348623853228
0.0012248803827751196,1292.9285165257495,24.770642201834846
0.0009186602870813398,1293.1591083781707,25.688073394495405
0.0009186602870813398,1293.3897002305919,24.770642201834846
0.0009282296650717703,1293.620292083013,25.688073394495405
0.000937799043062201,1293.8508839354342,24.770642201834846
0.000937799043062201,1294.0814757878554,23.853211009174345
0.000937799043062201,1294.3120676402766,25.688073394495405
0.0007751196172248805,1294.542659492698,25.688073394495405
0.0007846889952153111,1294.7732513451192,25.688073394495405
0.0005645933014354066,1295.0038431975404,25.688073394495405
0.0005645933014354066,1295.2344350499616,22.935779816513786
0.0005741626794258373,1295.4650269023828,22.018348623853228
0.0005741626794258373,1295.695618754804,20.18348623853211
0.0005933014354066986,1295.9262106072251,18.348623853210995
0.0005933014354066986,1296.1568024596463,16.513761467889935
0.0006124401913875598,1296.3873943120677,16.513761467889935
0.0006124401913875598,1296.617986164489,18.348623853210995
0.0006315789473684211,1296.84857801691,20.18348623853211
0.0006315789473684211,1297.0791698693313,22.018348623853228
0.0006411483253588518,1297.3097617217525,22.935779816513786
0.0006507177033492822,1297.5403535741737,22.018348623853228
0.0006507177033492822,1297.7709454265948,16.513761467889935
0.0006602870813397129,1298.0015372790162,15.596330275229377
0.0006794258373205742,1298.2321291314374,15.596330275229377
0.0006602870813397129,1298.4627209838586,15.596330275229377
0.0006507177033492822,1298.6933128362798,16.513761467889935
0.0006507177033492822,1298.923904688701,21.10091743119267
0.0006602870813397129,1299.1544965411222,22.018348623853228
0.0006507177033492822,1299.3850883935434,22.018348623853228
0.0006411483253588518,1299.6156802459645,22.935779816513786
0.0006411483253588518,1299.846272098386,23.853211009174345
0.0006507177033492822,1300.0768639508071,24.770642201834846
0.0006507177033492822,1300.3074558032283,25.688073394495405
0.0006315789473684211,1300.5380476556495,25.688073394495405
0.0006220095693779905,1300.7686395080707,24.770642201834846
0.0006220095693779905,1300.9992313604919,22.935779816513786
0.0006028708133971292,1301.229823212913,21.10091743119267
0.000583732057416268,1301.4604150653345,22.935779816513786
0.000583732057416268,1301.6910069177557,24.770642201834846
0.0005741626794258373,1301.9215987701768,25.688073394495405
0.0003253588516746411,1302.152190622598,25.688073394495405
0.00035406698564593303,1302.3827824750192,25.688073394495405
0.00036363636363636367,1302.6133743274404,24.770642201834846
0.00036363636363636367,1302.8439661798616,23.853211009174345
0.00035406698564593303,1303.0745580322828,22.935779816513786
0.00034449760765550245,1303.305149884704,23.853211009174345
0.00031578947368421053,1303.5357417371254,23.853211009174345
0.0003349282296650718,1303.7663335895465,23.853211009174345
0.00035406698564593303,1303.9969254419677,22.018348623853228
0.00031578947368421053,1304.227517294389,18.348623853210995
0.00031578947368421053,1304.45810914681,16.513761467889935
0.0003253588516746411,1304.6887009992313,16.513761467889935
0.0003349282296650718,1304.9192928516525,15.596330275229377
0.00036363636363636367,1305.1498847040739,15.596330275229377
0.0003349282296650718,1305.380476556495,15.596330275229377
0.00031578947368421053,1305.6110684089163,17.431192660550437
0.0003349282296650718,1305.8416602613374,19.266055045871553
0.00035406698564593303,1306.0722521137586,17.431192660550437
0.00037320574162679425,1306.3028439661798,17.431192660550437
0.00035406698564593303,1306.533435818601,17.431192660550437
0.00034449760765550245,1306.7640276710222,18.348623853210995
0.00035406698564593303,1306.9946195234436,19.266055045871553
0.00036363636363636367,1307.2252113758648,19.266055045871553
0.00036363636363636367,1307.455803228286,21.10091743119267
0.00037320574162679425,1307.6863950807071,22.018348623853228
0.00037320574162679425,1307.9169869331283,22.935779816513786
0.00036363636363636367,1308.1475787855495,23.853211009174345
0.00036363636363636367,1308.3781706379707,24.770642201834846
0.00035406698564593303,1308.608762490392,25.688073394495405
0.00014354066985645933,1308.8393543428133,25.688073394495405
0.00015311004784688995,1309.0699461952345,24.770642201834846
0.00015311004784688995,1309.3005380476557,17.431192660550437
0.00014354066985645933,1309.5311299000768,16.513761467889935
0.00013397129186602872,1309.761721752498,17.431192660550437
0.00013397129186602872,1309.9923136049192,22.018348623853228
0.00013397129186602872,1310.2229054573404,17.431192660550437
0.00014354066985645933,1310.4534973097618,16.513761467889935
0.00015311004784688995,1310.684089162183,16.513761467889935
0.00015311004784688995,1310.9146810146042,25.688073394495405
7.655502392344497e-05,1311.1452728670254,25.688073394495405
7.655502392344497e-05,1311.3758647194466,24.770642201834846
6.698564593301436e-05,1311.6064565718677,23.853211009174345
6.698564593301436e-05,1311.837048424289,22.018348623853228
7.655502392344497e-05,1312.0676402767103,21.10091743119267
7.655502392344497e-05,1312.2982321291315,20.18348623853211
6.698564593301436e-05,1312.5288239815527,19.266055045871553
6.698564593301436e-05,1312.759415833974,17.431192660550437
7.655502392344497e-05,1312.990007686395,16.513761467889935
8.612440191387561e-05,1313.2205995388163,16.513761467889935
8.612440191387561e-05,1313.4511913912374,18.348623853210995
0.00010526315789473683,1313.6817832436586,20.18348623853211
0.00011483253588516747,1313.9123750960798,20.18348623853211
9.569377990430622e-05,1314.1429669485012,20.18348623853211
9.569377990430622e-05,1314.3735588009224,19.266055045871553
8.612440191387561e-05,1314.6041506533436,18.348623853210995
8.612440191387561e-05,1314.8347425057648,17.431192660550437
7.655502392344497e-05,1315.065334358186,16.513761467889935
6.698564593301436e-05,1315.2959262106071,17.431192660550437
6.698564593301436e-05,1315.5265180630283,19.266055045871553
7.655502392344497e-05,1315.7571099154497,20.18348623853211
7.655502392344497e-05,1315.987701767871,21.10091743119267
8.612440191387561e-05,1316.2182936202921,22.018348623853228
0.00011483253588516747,1316.4488854727133,22.018348623853228
9.569377990430622e-05,1316.6794773251345,22.018348623853228
8.612440191387561e-05,1316.9100691775557,22.935779816513786
9.569377990430622e-05,1317.1406610299769,23.853211009174345
0.00011483253588516747,1317.371252882398,23.853211009174345
0.00012440191387559808,1317.6018447348195,24.770642201834846
0.00012440191387559808,1317.8324365872406,25.688073394495405
0.0016842105263157893,1318.0630284396618,77.9816513761468
0.0016842105263157893,1318.293620292083,76.14678899082568
0.00169377990430622,1318.5242121445042,75.22935779816513
0.00169377990430622,1318.7548039969254,72.47706422018351
0.0016842105263157893,1318.9853958493466,71.55963302752295
0.0016842105263157893,1319.215987701768,69.72477064220183
0.0017224880382775121,1319.4465795541892,69.72477064220183
0.0017224880382775121,1319.6771714066103,71.55963302752295
0.0017129186602870814,1319.9077632590315,72.47706422018351
0.0017129186602870814,1320.1383551114527,77.06422018348624
0.0017033492822966507,1320.368946963874,77.9816513761468
0.0016172248803827752,1320.599538816295,77.9816513761468
0.0016076555023923445,1320.8301306687163,77.06422018348624
0.0016076555023923445,1321.0607225211377,76.14678899082568
0.0016172248803827752,1321.2913143735589,75.22935779816513
0.0016172248803827752,1321.52190622598,72.47706422018351
0.0016076555023923445,1321.7524980784012,71.55963302752295
0.0016076555023923445,1321.9830899308224,70.64220183486239
0.0016172248803827752,1322.2136817832436,69.72477064220183
0.001645933014354067,1322.4442736356648,69.72477064220183
0.0016555023923444977,1322.6748654880862,70.64220183486239
0.0016555023923444977,1322.9054573405074,71.55963302752295
0.0016650717703349284,1323.1360491929286,72.47706422018351
0.0016650717703349284,1323.3666410453498,75.22935779816513
0.0016555023923444977,1323.597232897771,76.14678899082568
0.0016555023923444977,1323.8278247501921,77.06422018348624
0.001645933014354067,1324.0584166026133,77.9816513761468
0.0015406698564593303,1324.2890084550345,77.9816513761468
0.0015406698564593303,1324.519600307456,77.06422018348624
0.0015311004784688996,1324.750192159877,76.14678899082568
0.0015311004784688996,1324.9807840122983,70.64220183486239
0.0015406698564593303,1325.2113758647195,69.72477064220183
0.0015789473684210526,1325.4419677171406,69.72477064220183
0.0015885167464114833,1325.6725595695618,70.64220183486239
0.0015885167464114833,1325.903151421983,77.06422018348624
0.0015789473684210526,1326.1337432744042,77.9816513761468
0.0014354066985645933,1326.3643351268256,77.9816513761468
0.0014354066985645933,1326.5949269792468,77.06422018348624
0.0014258373205741626,1326.825518831668,76.14678899082568
0.0014258373205741626,1327.0561106840892,70.64220183486239
0.0014354066985645933,1327.2867025365103,69.72477064220183
0.0014736842105263158,1327.5172943889315,69.72477064220183
0.0014832535885167463,1327.7478862413527,70.64220183486239
0.0014832535885167463,1327.978478093774,77.06422018348624
0.0014736842105263158,1328.2090699461953,77.9816513761468
0.0009856459330143542,1328.4396617986165,77.9816513761468
0.0009760765550239234,1328.6702536510377,77.06422018348624
0.0009760765550239234,1328.9008455034589,76.14678899082568
0.0009856459330143542,1329.13143735588,75.22935779816513
0.0009856459330143542,1329.3620292083012,72.47706422018351
0.0009760765550239234,1329.5926210607224,71.55963302752295
0.0009760765550239234,1329.8232129131438,70.64220183486239
0.0009856459330143542,1330.053804765565,69.72477064220183
0.0010143540669856458,1330.2843966179862,69.72477064220183
0.0010239234449760765,1330.5149884704074,70.64220183486239
0.0010239234449760765,1330.7455803228286,71.55963302752295
0.0010334928229665072,1330.9761721752498,72.47706422018351
0.0010334928229665072,1331.206764027671,75.22935779816513
0.0010239234449760765,1331.4373558800921,76.14678899082568
0.0010239234449760765,1331.6679477325135,77.06422018348624
0.0010143540669856458,1331.8985395849347,77.9816513761468
0.0008421052631578947,1332.129131437356,77.9816513761468
0.0008325358851674642,1332.359723289777,77.06422018348624
0.0008325358851674642,1332.5903151421983,70.64220183486239
0.0008421052631578947,1332.8209069946195,69.72477064220183
0.0008803827751196173,1333.0514988470406,69.72477064220183
0.0008803827751196173,1333.282090699462,70.64220183486239
0.0008899521531100478,1333.5126825518832,71.55963302752295
0.0009090909090909091,1333.7432744043044,69.72477064220183
0.0009473684210526315,1333.9738662567256,69.72477064220183
0.0009569377990430622,1334.2044581091468,70.64220183486239
0.0009569377990430622,1334.435049961568,77.06422018348624
0.0009473684210526315,1334.6656418139892,77.9816513761468
0.0009090909090909091,1334.8962336664104,77.9816513761468
0.0008899521531100478,1335.1268255188315,76.14678899082568
0.0008803827751196173,1335.357417371253,77.06422018348624
0.0008803827751196173,1335.5880092236741,77.9816513761468
0.0007559808612440191,1335.8186010760953,87.1559633027523
0.0007559808612440191,1336.0491929285165,85.32110091743118
0.0007464114832535885,1336.2797847809377,84.40366972477065
0.0007464114832535885,1336.5103766333589,81.65137614678898
0.0007559808612440191,1336.7409684857803,80.73394495412845
0.0007559808612440191,1336.9715603382015,79.81651376146789
0.0007559808612440191,1337.2021521906227,80.73394495412845
0.0007655502392344498,1337.4327440430438,81.65137614678898
0.0007751196172248805,1337.663335895465,80.73394495412845
0.0007846889952153111,1337.8939277478862,80.73394495412845
0.0007846889952153111,1338.1245196003074,81.65137614678898
0.0007942583732057416,1338.3551114527286,82.56880733944953
0.0007942583732057416,1338.5857033051498,84.40366972477065
0.0008038277511961722,1338.8162951575712,85.32110091743118
0.0008133971291866029,1339.0468870099924,84.40366972477065
0.0008133971291866029,1339.2774788624135,81.65137614678898
0.0008038277511961722,1339.5080707148347,80.73394495412845
0.0008038277511961722,1339.738662567256,79.81651376146789
0.0007942583732057416,1339.969254419677,78.89908256880736
0.0007751196172248805,1340.1998462720983,78.89908256880736
0.0007655502392344498,1340.4304381245197,77.9816513761468
0.0007368421052631579,1340.6610299769409,77.9816513761468
0.0007272727272727273,1340.891621829362,77.06422018348624
0.0007272727272727273,1341.1222136817833,75.22935779816513
0.0007177033492822966,1341.3528055342044,74.31192660550457
0.0007177033492822966,1341.5833973866256,73.39449541284407
0.0007272727272727273,1341.8139892390468,72.47706422018351
0.0007272727272727273,1342.044581091468,70.64220183486239
0.0007368421052631579,1342.2751729438894,69.72477064220183
0.0007751196172248805,1342.5057647963106,69.72477064220183
0.0007751196172248805,1342.7363566487318,70.64220183486239
0.0007846889952153111,1342.966948501153,71.55963302752295
0.0007846889952153111,1343.1975403535741,76.14678899082568
0.0007655502392344498,1343.4281322059953,77.9816513761468
0.0007751196172248805,1343.6587240584165,78.89908256880736
0.0007942583732057416,1343.889315910838,78.89908256880736
0.0008038277511961722,1344.119907763259,79.81651376146789
0.0008038277511961722,1344.3504996156803,80.73394495412845
0.0008133971291866029,1344.5810914681015,81.65137614678898
0.0008133971291866029,1344.8116833205227,84.40366972477065
0.0008038277511961722,1345.0422751729438,85.32110091743118
0.0008038277511961722,1345.272867025365,86.23853211009174
0.0007942583732057416,1345.5034588777862,87.1559633027523
0.0006985645933014354,1345.7340507302074,121.10091743119267
0.0006794258373205742,1345.9646425826288,119.26605504587155
0.0006794258373205742,1346.19523443505,118.348623853211
0.0006985645933014354,1346.4258262874712,116.5137614678899
0.0007081339712918661,1346.6564181398924,116.5137614678899
0.0007177033492822966,1346.8870099923136,115.59633027522938
0.0006985645933014354,1347.1176018447347,113.76146788990826
0.0006889952153110049,1347.3481936971561,113.76146788990826
0.0006889952153110049,1347.5787855495773,112.8440366972477
0.0006985645933014354,1347.8093774019985,111.92660550458714
0.0007081339712918661,1348.0399692544197,111.92660550458714
0.0007177033492822966,1348.270561106841,112.8440366972477
0.0007272727272727273,1348.501152959262,112.8440366972477
0.0007368421052631579,1348.7317448116833,113.76146788990826
0.0007368421052631579,1348.9623366641044,116.5137614678899
0.0007464114832535885,1349.1929285165256,117.43119266055044
0.0007464114832535885,1349.423520368947,118.348623853211
0.0007559808612440191,1349.6541122213682,119.26605504587155
0.0007655502392344498,1349.8847040737894,118.348623853211
0.0007655502392344498,1350.1152959262106,115.59633027522938
0.0007559808612440191,1350.3458877786318,114.67889908256882
0.0007559808612440191,1350.576479631053,112.8440366972477
0.0008038277511961722,1350.8070714834741,112.8440366972477
0.0008038277511961722,1351.0376633358956,114.67889908256882
0.0008133971291866029,1351.2682551883167,115.59633027522938
0.0008133971291866029,1351.498847040738,117.43119266055044
0.0008038277511961722,1351.729438893159,118.348623853211
0.0008038277511961722,1351.9600307455803,120.18348623853211
0.0008038277511961722,1352.1906225980015,118.348623853211
0.0007942583732057416,1352.4212144504227,117.43119266055044
0.0007846889952153111,1352.6518063028439,118.348623853211
0.0007846889952153111,1352.8823981552653,119.26605504587155
0.0007751196172248805,1353.1129900076864,119.26605504587155
0.0007655502392344498,1353.3435818601076,118.348623853211
0.0007559808612440191,1353.5741737125288,119.26605504587155
0.0007559808612440191,1353.80476556495,120.18348623853211
0.0007655502392344498,1354.0353574173712,121.10091743119267
0.0007846889952153111,1354.2659492697924,121.10091743119267
0.0007655502392344498,1354.4965411222138,121.10091743119267
0.0007559808612440191,1354.727132974635,120.18348623853211
0.0007559808612440191,1354.9577248270562,119.26605504587155
0.0007464114832535885,1355.1883166794773,118.348623853211
0.0007464114832535885,1355.4189085318985,117.43119266055044
0.0007368421052631579,1355.6495003843197,116.5137614678899
0.0007272727272727273,1355.880092236741,117.43119266055044
0.0007368421052631579,1356.110684089162,116.5137614678899
0.0007368421052631579,1356.3412759415833,113.76146788990826
0.0007272727272727273,1356.5718677940047,112.8440366972477
0.0007177033492822966,1356.8024596464259,112.8440366972477
0.0007081339712918661,1357.033051498847,111.92660550458714
0.0006985645933014354,1357.2636433512682,111.92660550458714
0.0006889952153110049,1357.4942352036894,112.8440366972477
0.0007081339712918661,1357.7248270561106,114.67889908256882
0.0007177033492822966,1357.955418908532,114.67889908256882
0.0007177033492822966,1358.1860107609532,115.59633027522938
0.0007081339712918661,1358.4166026133744,116.5137614678899
0.0006985645933014354,1358.6471944657956,116.5137614678899
0.0006794258373205742,1358.8777863182167,118.348623853211
0.0006794258373205742,1359.108378170638,119.26605504587155
0.0006985645933014354,1359.3389700230591,121.10091743119267
0.0007177033492822966,1359.5695618754803,121.10091743119267
0.0007272727272727273,1359.8001537279015,120.18348623853211
0.0007177033492822966,1360.030745580323,119.26605504587155
0.0007081339712918661,1360.261337432744,119.26605504587155
0.0007081339712918661,1360.4919292851653,118.348623853211
0.0007177033492822966,1360.7225211375865,119.26605504587155
0.0007272727272727273,1360.9531129900076,119.26605504587155
0.0007272727272727273,1361.1837048424288,121.10091743119267
0.0006124401913875598,1361.41429669485,154.12844036697246
0.0006411483253588518,1361.6448885472714,154.12844036697246
0.0006507177033492822,1361.8754803996926,153.21100917431193
0.0006507177033492822,1362.1060722521138,147.70642201834863
0.0006602870813397129,1362.336664104535,146.78899082568807
0.0006507177033492822,1362.5672559569562,145.87155963302752
0.0006315789473684211,1362.7978478093773,145.87155963302752
0.0006220095693779905,1363.0284396617985,146.78899082568807
0.0006315789473684211,1363.2590315142197,147.70642201834863
0.0006315789473684211,1363.4896233666411,152.29357798165137
0.0006220095693779905,1363.7202152190623,152.29357798165137
0.0006315789473684211,1363.9508070714835,151.3761467889908
0.0006315789473684211,1364.1813989239047,148.6238532110092
0.0006220095693779905,1364.4119907763259,147.70642201834863
0.0006220095693779905,1364.642582628747,145.87155963302752
0.0006602870813397129,1364.8731744811682,145.87155963302752
0.0006602870813397129,1365.1037663335896,147.70642201834863
0.0006507177033492822,1365.3343581860108,148.6238532110092
0.0006507177033492822,1365.564950038432,153.21100917431193
0.0006411483253588518,1365.7955418908532,154.12844036697246
0.0007751196172248805,1366.0261337432744,155.045871559633
0.0007655502392344498,1366.2567255956956,154.12844036697246
0.0007559808612440191,1366.4873174481168,154.12844036697246
0.0007559808612440191,1366.717909300538,153.21100917431193
0.0007751196172248805,1366.9485011529594,155.045871559633
0.0007846889952153111,1367.1790930053805,154.12844036697246
0.0007942583732057416,1367.4096848578017,154.12844036697246
0.0008038277511961722,1367.640276710223,153.21100917431193
0.0008038277511961722,1367.870868562644,152.29357798165137
0.0007942583732057416,1368.1014604150653,151.3761467889908
0.0007846889952153111,1368.3320522674865,152.29357798165137
0.0007751196172248805,1368.5626441199079,152.29357798165137
0.0007655502392344498,1368.793235972329,151.3761467889908
0.0007655502392344498,1369.0238278247502,148.6238532110092
0.0007559808612440191,1369.2544196771714,147.70642201834863
0.0007559808612440191,1369.4850115295926,146.78899082568807
0.0007655502392344498,1369.7156033820138,145.87155963302752
0.0007942583732057416,1369.946195234435,145.87155963302752
0.0008038277511961722,1370.1767870868562,146.78899082568807
0.0008038277511961722,1370.4073789392774,148.6238532110092
0.0008133971291866029,1370.6379707916988,149.54128440366975
0.0008133971291866029,1370.86856264412,151.3761467889908
0.0008038277511961722,1371.0991544965411,152.29357798165137
0.0008038277511961722,1371.3297463489623,154.12844036697246
0.0007846889952153111,1371.5603382013835,154.12844036697246
0.0007081339712918661,1371.7909300538047,155.045871559633
0.0006985645933014354,1372.021521906226,154.12844036697246
0.0006889952153110049,1372.2521137586473,154.12844036697246
0.0006794258373205742,1372.4827056110685,153.21100917431193
0.0006794258373205742,1372.7132974634897,147.70642201834863
0.0006985645933014354,1372.9438893159108,145.87155963302752
0.0007272727272727273,1373.174481168332,145.87155963302752
0.0007368421052631579,1373.4050730207532,146.78899082568807
0.0007368421052631579,1373.6356648731744,153.21100917431193
0.0007272727272727273,1373.8662567255956,154.12844036697246
0.0007177033492822966,1374.096848578017,154.12844036697246
0.0004880382775119617,1374.3274404304382,163.30275229357798
0.0004880382775119617,1374.5580322828594,162.38532110091742
0.0004784688995215311,1374.7886241352805,161.4678899082569
0.0004880382775119617,1375.0192159877017,160.55045871559633
0.0004880382775119617,1375.249807840123,158.71559633027522
0.0004976076555023923,1375.480399692544,157.7981651376147
0.0004976076555023923,1375.7109915449655,155.045871559633
0.0004880382775119617,1375.9415833973867,154.12844036697246
0.0004976076555023923,1376.1721752498079,154.12844036697246
0.0004976076555023923,1376.402767102229,155.96330275229357
0.0005071770334928229,1376.6333589546502,156.88073394495413
0.0005167464114832536,1376.8639508070714,155.96330275229357
0.0005167464114832536,1377.0945426594926,154.12844036697246
0.0005358851674641149,1377.3251345119138,154.12844036697246
0.0005454545454545455,1377.5557263643352,153.21100917431193
0.0005358851674641149,1377.7863182167564,152.29357798165137
0.0004784688995215311,1378.0169100691776,152.29357798165137
0.0004688995215311005,1378.2475019215988,153.21100917431193
0.0004688995215311005,1378.47809377402,155.045871559633
0.0004593301435406699,1378.7086856264411,155.96330275229357
0.0004688995215311005,1378.9392774788623,156.88073394495413
0.0004784688995215311,1379.1698693312837,156.88073394495413
0.0004688995215311005,1379.400461183705,156.88073394495413
0.0004593301435406699,1379.631053036126,155.96330275229357
0.0004688995215311005,1379.8616448885473,155.045871559633
0.0004688995215311005,1380.0922367409685,153.21100917431193
0.0004784688995215311,1380.3228285933897,152.29357798165137
0.0005358851674641149,1380.5534204458108,152.29357798165137
0.0005454545454545455,1380.784012298232,153.21100917431193
0.0005454545454545455,1381.0146041506532,154.12844036697246
0.0005263157894736842,1381.2451960030746,154.12844036697246
0.0005167464114832536,1381.4757878554958,155.045871559633
0.0005167464114832536,1381.706379707917,156.88073394495413
0.0005071770334928229,1381.9369715603382,156.88073394495413
0.0004976076555023923,1382.1675634127594,157.7981651376147
0.0005263157894736842,1382.3981552651805,160.55045871559633
0.0005358851674641149,1382.628747117602,160.55045871559633
0.0005358851674641149,1382.8593389700231,161.4678899082569
0.0005263157894736842,1383.0899308224443,162.38532110091742
0.0005167464114832536,1383.3205226748655,162.38532110091742
0.0005071770334928229,1383.5511145272867,161.4678899082569
0.0005071770334928229,1383.7817063797079,160.55045871559633
0.0005167464114832536,1384.012298232129,159.63302752293578
0.0005071770334928229,1384.2428900845503,158.71559633027522
0.0004976076555023923,1384.4734819369714,158.71559633027522
0.0004880382775119617,1384.7040737893929,159.63302752293578
0.0004880382775119617,1384.934665641814,160.55045871559633
0.0004784688995215311,1385.1652574942352,161.4678899082569
0.0004976076555023923,1385.3958493466564,163.30275229357798
0.0004880382775119617,1385.6264411990776,166.9724770642202
0.0004880382775119617,1385.8570330514988,165.13761467889907
0.0005358851674641149,1386.08762490392,165.13761467889907
0.0005454545454545455,1386.3182167563414,164.22018348623854
0.0005454545454545455,1386.5488086087626,163.30275229357798
0.0005550239234449761,1386.7794004611837,162.38532110091742
0.0005550239234449761,1387.009992313605,159.63302752293578
0.0005454545454545455,1387.240584166026,158.71559633027522
0.0005358851674641149,1387.4711760184473,158.71559633027522
0.0005454545454545455,1387.7017678708685,158.71559633027522
0.0005550239234449761,1387.9323597232897,159.63302752293578
0.0005550239234449761,1388.162951575711,162.38532110091742
0.0005454545454545455,1388.3935434281323,163.30275229357798
0.0005454545454545455,1388.6241352805534,166.05504587155963
0.0005358851674641149,1388.8547271329746,166.9724770642202
0.0005071770334928229,1389.0853189853958,166.9724770642202
0.0005358851674641149,1389.315910837817,166.9724770642202
0.0005454545454545455,1389.5465026902382,166.05504587155963
0.0005358851674641149,1389.7770945426596,165.13761467889907
0.0004976076555023923,1390.0076863950808,165.13761467889907
0.0004880382775119617,1390.238278247502,166.05504587155963
0.0005071770334928229,1390.4688700999232,168.80733944954127
0.0005263157894736842,1390.6994619523443,168.80733944954127
0.0004880382775119617,1390.9300538047655,173.39449541284404
0.0004784688995215311,1391.1606456571867,172.47706422018348
0.0004880382775119617,1391.391237509608,171.55963302752292
0.0004880382775119617,1391.621829362029,170.6422018348624
0.0004880382775119617,1391.8524212144505,171.55963302752292
0.0004976076555023923,1392.0830130668717,172.47706422018348
0.0005071770334928229,1392.3136049192929,171.55963302752292
0.0005071770334928229,1392.544196771714,170.6422018348624
0.0005263157894736842,1392.7747886241352,170.6422018348624
0.0005358851674641149,1393.0053804765564,171.55963302752292
0.0005358851674641149,1393.2359723289778,173.39449541284404
0.0005358851674641149,1393.466564181399,172.47706422018348
0.0005167464114832536,1393.6971560338202,170.6422018348624
0.0004976076555023923,1393.9277478862414,172.47706422018348
0.0004976076555023923,1394.1583397386626,173.39449541284404
0.0004976076555023923,1394.3889315910837,180.73394495412845
0.0004880382775119617,1394.619523443505,179.8165137614679
0.0004880382775119617,1394.8501152959261,176.14678899082568
0.0004976076555023923,1395.0807071483473,175.22935779816515
0.0005454545454545455,1395.3112990007687,175.22935779816515
0.0005550239234449761,1395.54189085319,174.3119266055046
0.0005550239234449761,1395.772482705611,170.6422018348624
0.0005454545454545455,1396.0030745580323,169.72477064220183
0.0005550239234449761,1396.2336664104535,170.6422018348624
0.0005550239234449761,1396.4642582628746,174.3119266055046
0.0005454545454545455,1396.6948501152958,175.22935779816515
0.0005550239234449761,1396.9254419677172,176.14678899082568
0.0005550239234449761,1397.1560338201384,179.8165137614679
0.0005454545454545455,1397.3866256725596,180.73394495412845
0.0005550239234449761,1397.6172175249808,179.8165137614679
0.0005550239234449761,1397.847809377402,177.06422018348624
0.0005358851674641149,1398.0784012298232,175.22935779816515
0.0005071770334928229,1398.3089930822443,175.22935779816515
0.0004976076555023923,1398.5395849346655,176.14678899082568
0.0005071770334928229,1398.770176787087,177.06422018348624
0.0005263157894736842,1399.0007686395081,177.06422018348624
0.0005358851674641149,1399.2313604919293,177.9816513761468
0.0005263157894736842,1399.4619523443505,178.89908256880733
0.0005263157894736842,1399.6925441967717,180.73394495412845
0.0006220095693779905,1399.9231360491929,186.23853211009174
0.0006315789473684211,1400.153727901614,185.32110091743118
0.0006315789473684211,1400.3843197540355,182.56880733944953
0.0006220095693779905,1400.6149116064566,181.651376146789
0.0006220095693779905,1400.8455034588778,179.8165137614679
0.0006602870813397129,1401.076095311299,179.8165137614679
0.0006602870813397129,1401.3066871637202,180.73394495412845
0.0006507177033492822,1401.5372790161414,181.651376146789
0.0006507177033492822,1401.7678708685626,186.23853211009174
0.0006507177033492822,1401.9984627209838,181.651376146789
0.0006602870813397129,1402.229054573405,180.73394495412845
0.0006507177033492822,1402.4596464258263,179.8165137614679
0.0006315789473684211,1402.6902382782475,179.8165137614679
0.0006220095693779905,1402.9208301306687,180.73394495412845
0.0006315789473684211,1403.15142198309,181.651376146789
0.0006315789473684211,1403.382013835511,186.23853211009174
0.0006889952153110049,1403.6126056879323,188.07339449541286
0.0006889952153110049,1403.8431975403537,187.1559633027523
0.0006794258373205742,1404.0737893927749,186.23853211009174
0.0006794258373205742,1404.304381245196,185.32110091743118
0.0006985645933014354,1404.5349730976172,183.4862385321101
0.0007081339712918661,1404.7655649500384,183.4862385321101
0.0007177033492822966,1404.9961568024596,182.56880733944953
0.0007081339712918661,1405.2267486548808,181.651376146789
0.0006889952153110049,1405.457340507302,181.651376146789
0.0006794258373205742,1405.6879323597232,180.73394495412845
0.0006794258373205742,1405.9185242121446,179.8165137614679
0.0007272727272727273,1406.1491160645658,179.8165137614679
0.0007368421052631579,1406.379707916987,180.73394495412845
0.0007368421052631579,1406.6102997694081,183.4862385321101
0.0007464114832535885,1406.8408916218293,184.40366972477062
0.0007464114832535885,1407.0714834742505,185.32110091743118
0.0007559808612440191,1407.3020753266717,186.23853211009174
0.0007655502392344498,1407.532667179093,185.32110091743118
0.0007655502392344498,1407.7632590315143,182.56880733944953
0.0007559808612440191,1407.9938508839355,181.651376146789
0.0007559808612440191,1408.2244427363567,179.8165137614679
0.0007942583732057416,1408.4550345887778,179.8165137614679
0.0008038277511961722,1408.685626441199,180.73394495412845
0.0008038277511961722,1408.9162182936202,181.651376146789
0.0008133971291866029,1409.1468101460414,182.56880733944953
0.0008133971291866029,1409.3774019984628,185.32110091743118
0.0008038277511961722,1409.607993850884,186.23853211009174
0.0008038277511961722,1409.8385857033052,187.1559633027523
0.0007942583732057416,1410.0691775557264,188.07339449541286
0.0007655502392344498,1410.2997694081475,188.07339449541286
0.0007559808612440191,1410.5303612605687,187.1559633027523
0.0007559808612440191,1410.76095311299,186.23853211009174
0.0007464114832535885,1410.9915449654113,185.32110091743118
0.0007464114832535885,1411.2221368178325,184.40366972477062
0.0007368421052631579,1411.4527286702537,183.4862385321101
0.0007368421052631579,1411.6833205226749,180.73394495412845
0.0007272727272727273,1411.913912375096,179.8165137614679
0.0006889952153110049,1412.1445042275172,179.8165137614679
0.0006794258373205742,1412.3750960799384,180.73394495412845
0.0006889952153110049,1412.6056879323596,181.651376146789
0.0007177033492822966,1412.8362797847808,181.651376146789
0.0007177033492822966,1413.0668716372022,182.56880733944953
0.0007081339712918661,1413.2974634896234,183.4862385321101
0.0006985645933014354,1413.5280553420446,183.4862385321101
0.0006794258373205742,1413.7586471944658,185.32110091743118
0.0006794258373205742,1413.989239046887,186.23853211009174
0.0006985645933014354,1414.2198308993081,188.07339449541286
0.0007177033492822966,1414.4504227517295,188.07339449541286
0.0007272727272727273,1414.6810146041507,187.1559633027523
0.0007272727272727273,1414.911606456572,186.23853211009174
0.0007177033492822966,1415.142198308993,185.32110091743118
0.0007081339712918661,1415.3727901614143,185.32110091743118
0.0007272727272727273,1415.6033820138355,185.32110091743118
0.0007272727272727273,1415.8339738662567,188.07339449541286
0.0006220095693779905,1416.0645657186778,188.07339449541286
0.0006411483253588518,1416.295157571099,188.07339449541286
0.0004688995215311005,1416.5257494235204,189.90825688073394
0.0004688995215311005,1416.7563412759416,188.99082568807341
0.0004593301435406699,1416.9869331283628,188.07339449541286
0.0004688995215311005,1417.217524980784,187.1559633027523
0.0004688995215311005,1417.4481168332052,185.32110091743118
0.0005454545454545455,1417.6787086856264,185.32110091743118
0.0005454545454545455,1417.9093005380475,186.23853211009174
0.0005358851674641149,1418.139892390469,187.1559633027523
0.0005263157894736842,1418.3704842428901,187.1559633027523
0.0005167464114832536,1418.6010760953113,188.07339449541286
0.0005167464114832536,1418.8316679477325,188.99082568807341
0.0005071770334928229,1419.0622598001537,189.90825688073394
0.0004976076555023923,1419.2928516525749,189.90825688073394
0.0004976076555023923,1419.523443504996,188.07339449541286
0.0004880382775119617,1419.7540353574173,187.1559633027523
0.0004976076555023923,1419.9846272098387,187.1559633027523
0.0004976076555023923,1420.2152190622598,188.99082568807341
0.0005071770334928229,1420.445810914681,189.90825688073394
0.0005167464114832536,1420.6764027671022,188.99082568807341
0.0005167464114832536,1420.9069946195234,187.1559633027523
0.0005358851674641149,1421.1375864719446,187.1559633027523
0.0005454545454545455,1421.3681783243658,186.23853211009174
0.0005358851674641149,1421.5987701767872,185.32110091743118
0.0004784688995215311,1421.8293620292084,185.32110091743118
0.0004688995215311005,1422.0599538816296,186.23853211009174
0.0004688995215311005,1422.2905457340507,187.1559633027523
0.0004593301435406699,1422.521137586472,188.07339449541286
0.0004784688995215311,1422.751729438893,189.90825688073394
0.0004593301435406699,1422.9823212913143,196.3302752293578
0.0004593301435406699,1423.2129131437355,195.41284403669724
0.0004688995215311005,1423.443504996157,194.4954128440367
0.0005645933014354066,1423.674096848578,194.4954128440367
0.0005645933014354066,1423.9046887009993,196.3302752293578
0.0005071770334928229,1424.1352805534204,204.58715596330273
0.0005263157894736842,1424.3658724058416,204.58715596330273
0.0005358851674641149,1424.5964642582628,203.66972477064218
0.0005167464114832536,1424.827056110684,201.83486238532112
0.0005071770334928229,1425.0576479631054,202.75229357798167
0.0005167464114832536,1425.2882398155266,201.83486238532112
0.0005263157894736842,1425.5188316679478,201.83486238532112
0.0005454545454545455,1425.749423520369,200.0
0.0005454545454545455,1425.9800153727901,199.08256880733944
0.0005358851674641149,1426.2106072252113,198.16513761467888
0.0005263157894736842,1426.4411990776325,199.08256880733944
0.0005071770334928229,1426.6717909300537,199.08256880733944
0.0004976076555023923,1426.902382782475,198.16513761467888
0.0004784688995215311,1427.1329746348963,198.16513761467888
0.0004688995215311005,1427.3635664873175,199.08256880733944
0.0004784688995215311,1427.5941583397387,200.0
0.0004880382775119617,1427.8247501921599,200.0
0.0004976076555023923,1428.055342044581,200.91743119266056
0.0004880382775119617,1428.2859338970022,201.83486238532112
0.0004880382775119617,1428.5165257494236,202.75229357798167
0.0004880382775119617,1428.7471176018448,201.83486238532112
0.0004976076555023923,1428.977709454266,200.91743119266056
0.0004880382775119617,1429.2083013066872,200.0
0.0004688995215311005,1429.4388931591084,200.0
0.0004688995215311005,1429.6694850115296,198.16513761467888
0.0004976076555023923,1429.9000768639507,198.16513761467888
0.0005071770334928229,1430.130668716372,199.08256880733944
0.0005263157894736842,1430.361260568793,199.08256880733944
0.0005358851674641149,1430.5918524212145,198.16513761467888
0.0005454545454545455,1430.8224442736357,199.08256880733944
0.0005454545454545455,1431.053036126057,200.0
0.0005358851674641149,1431.283627978478,200.91743119266056
0.0005454545454545455,1431.5142198308993,201.83486238532112
0.0005454545454545455,1431.7448116833204,203.66972477064218
0.0005358851674641149,1431.9754035357416,203.66972477064218
0.0005263157894736842,1432.205995388163,204.58715596330273
0.0005071770334928229,1432.4365872405842,206.42201834862385
0.0005454545454545455,1432.6671790930054,206.42201834862385
0.0004880382775119617,1432.8977709454266,208.25688073394497
0.0004784688995215311,1433.1283627978478,207.3394495412844
0.0004688995215311005,1433.358954650269,207.3394495412844
0.0004688995215311005,1433.5895465026902,205.5045871559633
0.0004880382775119617,1433.8201383551113,205.5045871559633
0.0004784688995215311,1434.0507302075328,205.5045871559633
0.0004688995215311005,1434.281322059954,206.42201834862385
0.0004880382775119617,1434.5119139123751,208.25688073394497
0.0004976076555023923,1434.7425057647963,208.25688073394497
0.0004880382775119617,1434.9730976172175,211.92660550458714
0.0004784688995215311,1435.2036894696387,211.0091743119266
0.0004784688995215311,1435.4342813220599,210.09174311926606
0.0004784688995215311,1435.6648731744813,211.0091743119266
0.0004880382775119617,1435.8954650269025,211.92660550458714
0.0005071770334928229,1436.1260568793236,211.92660550458714
0.0005167464114832536,1436.3566487317448,211.0091743119266
0.0005358851674641149,1436.587240584166,211.0091743119266
0.0005454545454545455,1436.8178324365872,210.09174311926606
0.0005263157894736842,1437.0484242890084,208.25688073394497
0.0005358851674641149,1437.2790161414296,208.25688073394497
0.0005454545454545455,1437.5096079938508,209.1743119266055
0.0005454545454545455,1437.7401998462722,211.0091743119266
0.0005167464114832536,1437.9707916986933,211.0091743119266
0.0005071770334928229,1438.2013835511145,211.92660550458714
0.0004688995215311005,1438.4319754035357,215.59633027522938
0.0004593301435406699,1438.662567255957,214.67889908256882
0.0004593301435406699,1438.893159108378,213.76146788990826
0.0004593301435406699,1439.1237509607995,214.67889908256882
0.0004688995215311005,1439.3543428132207,215.59633027522938
0.0005550239234449761,1439.5849346656419,215.59633027522938
0.0005645933014354066,1439.815526518063,214.67889908256882
0.0005550239234449761,1440.0461183704842,213.76146788990826
0.0004784688995215311,1440.2767102229054,213.76146788990826
0.0005645933014354066,1440.5073020753266,213.76146788990826
0.0005645933014354066,1440.7378939277478,215.59633027522938
0.0007655502392344498,1440.968485780169,222.01834862385323
0.0007559808612440191,1441.1990776325904,221.10091743119267
0.0007559808612440191,1441.4296694850116,220.1834862385321
0.0007751196172248805,1441.6602613374328,222.01834862385323
0.0007846889952153111,1441.890853189854,222.01834862385323
0.0008038277511961722,1442.1214450422751,220.1834862385321
0.0008038277511961722,1442.3520368946963,219.26605504587155
0.0007942583732057416,1442.5826287471175,218.348623853211
0.0007846889952153111,1442.813220599539,219.26605504587155
0.0007751196172248805,1443.04381245196,219.26605504587155
0.0007655502392344498,1443.2744043043813,218.348623853211
0.0007655502392344498,1443.5049961568025,216.51376146788994
0.0007751196172248805,1443.7355880092236,215.59633027522938
0.0007846889952153111,1443.9661798616448,215.59633027522938
0.0007942583732057416,1444.196771714066,216.51376146788994
0.0008038277511961722,1444.4273635664872,215.59633027522938
0.0008038277511961722,1444.6579554189086,214.67889908256882
0.0007846889952153111,1444.8885472713298,212.8440366972477
0.0007751196172248805,1445.119139123751,212.8440366972477
0.0007559808612440191,1445.3497309761722,214.67889908256882
0.0007559808612440191,1445.5803228285934,213.76146788990826
0.0007655502392344498,1445.8109146810145,212.8440366972477
0.0007942583732057416,1446.0415065334357,212.8440366972477
0.0008038277511961722,1446.2720983858571,213.76146788990826
0.0008038277511961722,1446.5026902382783,215.59633027522938
0.0008133971291866029,1446.7332820906995,216.51376146788994
0.0008133971291866029,1446.9638739431207,218.348623853211
0.0008038277511961722,1447.1944657955419,219.26605504587155
0.0008038277511961722,1447.425057647963,221.10091743119267
0.0007942583732057416,1447.6556495003842,222.01834862385323
0.0007081339712918661,1447.8862413528054,222.01834862385323
0.0006985645933014354,1448.1168332052266,221.10091743119267
0.0006889952153110049,1448.347425057648,221.10091743119267
0.0006794258373205742,1448.5780169100692,220.1834862385321
0.0006794258373205742,1448.8086087624904,214.67889908256882
0.0006889952153110049,1449.0392006149116,213.76146788990826
0.0006985645933014354,1449.2697924673328,213.76146788990826
0.0007081339712918661,1449.500384319754,212.8440366972477
0.0007177033492822966,1449.7309761721754,212.8440366972477
0.0007368421052631579,1449.9615680245965,214.67889908256882
0.0007368421052631579,1450.1921598770177,220.1834862385321
0.0007177033492822966,1450.422751729439,222.01834862385323
0.0006220095693779905,1450.65334358186,222.01834862385323
0.0006124401913875598,1450.8839354342813,221.10091743119267
0.0006124401913875598,1451.1145272867025,220.1834862385321
0.0006315789473684211,1451.3451191391237,220.1834862385321
0.0006411483253588518,1451.5757109915448,219.26605504587155
0.0006411483253588518,1451.8063028439663,218.348623853211
0.0006124401913875598,1452.0368946963874,215.59633027522938
0.0006124401913875598,1452.2674865488086,213.76146788990826
0.0006315789473684211,1452.4980784012298,213.76146788990826
0.0006411483253588518,1452.728670253651,212.8440366972477
0.0006507177033492822,1452.9592621060722,212.8440366972477
0.0006411483253588518,1453.1898539584934,212.8440366972477
0.0006315789473684211,1453.4204458109148,213.76146788990826
0.0006220095693779905,1453.651037663336,213.76146788990826
0.0006124401913875598,1453.8816295157571,214.67889908256882
0.0006315789473684211,1454.1122213681783,216.51376146788994
0.0006507177033492822,1454.3428132205995,214.67889908256882
0.0006602870813397129,1454.5734050730207,214.67889908256882
0.0006507177033492822,1454.8039969254419,214.67889908256882
0.0006411483253588518,1455.034588777863,215.59633027522938
0.0006507177033492822,1455.2651806302845,216.51376146788994
0.0006602870813397129,1455.4957724827057,216.51376146788994
0.0006602870813397129,1455.7263643351268,221.10091743119267
0.0006602870813397129,1455.956956187548,217.43119266055044
0.0006411483253588518,1456.1875480399692,215.59633027522938
0.0006315789473684211,1456.4181398923904,216.51376146788994
0.0006315789473684211,1456.6487317448116,217.43119266055044
0.0006411483253588518,1456.879323597233,218.348623853211
0.0006411483253588518,1457.1099154496542,219.26605504587155
0.0006315789473684211,1457.3405073020754,220.1834862385321
0.0006220095693779905,1457.5710991544966,220.1834862385321
0.0006124401913875598,1457.8016910069177,221.10091743119267
0.0006220095693779905,1458.032282859339,222.01834862385323
0.0006411483253588518,1458.26287471176,222.01834862385323
0.0006124401913875598,1458.4934665641813,255.04587155963304
0.0006124401913875598,1458.7240584166025,253.21100917431193
0.0006315789473684211,1458.954650269024,253.21100917431193
0.0006411483253588518,1459.185242121445,252.29357798165137
0.0006220095693779905,1459.4158339738663,250.45871559633028
0.0006220095693779905,1459.6464258262874,249.54128440366972
0.0006124401913875598,1459.8770176787086,248.6238532110092
0.0006124401913875598,1460.1076095311298,246.78899082568807
0.0006602870813397129,1460.3382013835512,246.78899082568807
0.0006602870813397129,1460.5687932359724,247.70642201834863
0.0006698564593301436,1460.7993850883936,248.6238532110092
0.0006794258373205742,1461.0299769408148,247.70642201834863
0.0006794258373205742,1461.260568793236,246.78899082568807
0.0007272727272727273,1461.4911606456571,246.78899082568807
0.0007368421052631579,1461.7217524980783,247.70642201834863
0.0007368421052631579,1461.9523443504995,250.45871559633028
0.0007464114832535885,1462.1829362029207,251.37614678899084
0.0007464114832535885,1462.413528055342,252.29357798165137
0.0007559808612440191,1462.6441199077633,253.21100917431193
0.0007655502392344498,1462.8747117601845,252.29357798165137
0.0007655502392344498,1463.1053036126057,249.54128440366972
0.0007559808612440191,1463.3358954650269,248.6238532110092
0.0007559808612440191,1463.566487317448,247.70642201834863
0.0007655502392344498,1463.7970791698694,246.78899082568807
0.0007942583732057416,1464.0276710222906,246.78899082568807
0.0008038277511961722,1464.2582628747118,247.70642201834863
0.0008038277511961722,1464.488854727133,248.6238532110092
0.0008133971291866029,1464.7194465795542,249.54128440366972
0.0008133971291866029,1464.9500384319754,252.29357798165137
0.0008038277511961722,1465.1806302843966,253.21100917431193
0.0008038277511961722,1465.4112221368177,255.04587155963304
0.0007559808612440191,1465.641813989239,255.04587155963304
0.0007559808612440191,1465.87240584166,253.21100917431193
0.0007464114832535885,1466.1029976940815,252.29357798165137
0.0007464114832535885,1466.3335895465027,251.37614678899084
0.0007368421052631579,1466.564181398924,250.45871559633028
0.0007368421052631579,1466.794773251345,248.6238532110092
0.0007177033492822966,1467.0253651037663,246.78899082568807
0.0006889952153110049,1467.2559569561877,246.78899082568807
0.0006794258373205742,1467.4865488086089,247.70642201834863
0.0006889952153110049,1467.71714066103,248.6238532110092
0.0007081339712918661,1467.9477325134512,248.6238532110092
0.0007177033492822966,1468.1783243658724,249.54128440366972
0.0007177033492822966,1468.4089162182936,250.45871559633028
0.0007081339712918661,1468.6395080707148,250.45871559633028
0.0006985645933014354,1468.870099923136,251.37614678899084
0.0007081339712918661,1469.1006917755572,252.29357798165137
0.0007272727272727273,1469.3312836279783,252.29357798165137
0.0007272727272727273,1469.5618754803997,253.21100917431193
0.0007177033492822966,1469.792467332821,252.29357798165137
0.0007081339712918661,1470.0230591852421,252.29357798165137
0.0006985645933014354,1470.2536510376633,253.21100917431193
0.0007081339712918661,1470.4842428900845,252.29357798165137
0.0006985645933014354,1470.7148347425057,251.37614678899084
0.0006889952153110049,1470.945426594927,251.37614678899084
0.0006794258373205742,1471.1760184473483,252.29357798165137
0.0006794258373205742,1471.4066102997695,254.12844036697248
0.0006889952153110049,1471.6372021521906,255.04587155963304
0.0007272727272727273,1471.8677940046118,255.04587155963304
0.0006889952153110049,1472.098385857033,255.04587155963304
0.0006794258373205742,1472.3289777094542,254.12844036697248
0.0006794258373205742,1472.5595695618754,252.29357798165137
0.0006889952153110049,1472.7901614142966,251.37614678899084
0.0006985645933014354,1473.020753266718,251.37614678899084
0.0007177033492822966,1473.2513451191392,249.54128440366972
0.0007081339712918661,1473.4819369715603,248.6238532110092
0.0006602870813397129,1473.7125288239815,248.6238532110092
0.0006507177033492822,1473.9431206764027,249.54128440366972
0.0006602870813397129,1474.173712528824,250.45871559633028
0.0006602870813397129,1474.4043043812453,255.04587155963304
0.0008421052631578947,1474.6348962336665,285.3211009174312
0.0008421052631578947,1474.8654880860877,284.4036697247706
0.0008612440191387561,1475.0960799385089,282.56880733944956
0.0008612440191387561,1475.32667179093,253.21100917431193
0.0008516746411483254,1475.5572636433512,252.29357798165137
0.0008421052631578947,1475.7878554957724,252.29357798165137
0.0008421052631578947,1476.0184473481936,250.45871559633028
0.0008516746411483254,1476.2490392006148,250.45871559633028
0.0008612440191387561,1476.479631053036,249.54128440366972
0.0008612440191387561,1476.7102229054574,219.26605504587155
0.0008516746411483254,1476.9408147578786,218.348623853211
0.0008421052631578947,1477.1714066102998,218.348623853211
0.0008421052631578947,1477.401998462721,216.51376146788994
0.0008516746411483254,1477.6325903151421,216.51376146788994
0.0008612440191387561,1477.8631821675635,215.59633027522938
0.0008612440191387561,1478.0937740199847,152.29357798165137
0.0008516746411483254,1478.324365872406,151.3761467889908
0.0008421052631578947,1478.554957724827,151.3761467889908
0.0008421052631578947,1478.7855495772483,149.54128440366975
0.0008516746411483254,1479.0161414296695,149.54128440366975
0.0008612440191387561,1479.2467332820906,148.6238532110092
0.0008612440191387561,1479.4773251345118,118.348623853211
0.0008516746411483254,1479.707916986933,117.43119266055044
0.0008421052631578947,1479.9385088393542,117.43119266055044
0.0008421052631578947,1480.1691006917756,116.5137614678899
0.0008612440191387561,1480.3996925441968,114.67889908256882
0.0008612440191387561,1480.630284396618,85.32110091743118
0.0008516746411483254,1480.8608762490392,84.40366972477065
0.0008421052631578947,1481.0914681014604,84.40366972477065
0.0008421052631578947,1481.3220599538815,82.56880733944953
0.0008612440191387561,1481.552651806303,82.56880733944953
0.0008708133971291866,1481.7832436587241,81.65137614678898
0.0008708133971291866,1482.0138355111453,80.73394495412845
0.0008708133971291866,1482.2444273635665,81.65137614678898
0.0008803827751196173,1482.4750192159877,82.56880733944953
0.0008899521531100478,1482.7056110684089,81.65137614678898
0.0008995215311004785,1482.93620292083,82.56880733944953
0.0015598086124401914,1483.1667947732512,82.56880733944953
0.0015693779904306221,1483.3973866256724,81.65137614678898
0.0015693779904306221,1483.6279784780938,80.73394495412845
0.0015885167464114833,1483.858570330515,80.73394495412845
0.0015885167464114833,1484.0891621829362,81.65137614678898
0.0015980861244019138,1484.3197540353574,82.56880733944953
0.0007655502392344498,1484.5503458877786,288.9908256880734
0.0007559808612440191,1484.7809377401998,288.07339449541286
0.0007559808612440191,1485.0115295926212,287.1559633027523
0.0007655502392344498,1485.2421214450424,286.23853211009174
0.0007655502392344498,1485.4727132974635,283.48623853211006
0.0007751196172248805,1485.7033051498847,282.56880733944956
0.0007846889952153111,1485.933897002306,282.56880733944956
0.0007942583732057416,1486.164488854727,283.48623853211006
0.0008038277511961722,1486.3950807071483,282.56880733944956
0.0008038277511961722,1486.6256725595695,281.651376146789
0.0007942583732057416,1486.8562644119907,280.73394495412845
0.0007846889952153111,1487.0868562644118,280.73394495412845
0.0007751196172248805,1487.3174481168332,279.8165137614679
0.0007559808612440191,1487.5480399692544,281.651376146789
0.0007559808612440191,1487.7786318216756,280.73394495412845
0.0007655502392344498,1488.0092236740968,280.73394495412845
0.0007751196172248805,1488.239815526518,279.8165137614679
0.0007846889952153111,1488.4704073789394,280.73394495412845
0.0008038277511961722,1488.7009992313606,280.73394495412845
0.0008038277511961722,1488.9315910837818,282.56880733944956
0.0008133971291866029,1489.162182936203,283.48623853211006
0.0008133971291866029,1489.3927747886241,285.3211009174312
0.0008038277511961722,1489.6233666410453,286.23853211009174
0.0008038277511961722,1489.8539584934665,288.07339449541286
0.0007942583732057416,1490.0845503458877,288.9908256880734
0.0006124401913875598,1490.3151421983089,288.9908256880734
0.0006124401913875598,1490.54573405073,287.1559633027523
0.0006315789473684211,1490.7763259031515,287.1559633027523
0.0006411483253588518,1491.0069177555727,286.23853211009174
0.0006411483253588518,1491.2375096079938,282.56880733944956
0.0006315789473684211,1491.468101460415,281.651376146789
0.0006220095693779905,1491.6986933128362,282.56880733944956
0.0006124401913875598,1491.9292851652574,281.651376146789
0.0006124401913875598,1492.1598770176788,280.73394495412845
0.0006220095693779905,1492.3904688701,280.73394495412845
0.0006315789473684211,1492.6210607225212,279.8165137614679
0.0006411483253588518,1492.8516525749424,279.8165137614679
0.0006507177033492822,1493.0822444273635,280.73394495412845
0.0006602870813397129,1493.3128362797847,280.73394495412845
0.0006698564593301436,1493.543428132206,281.651376146789
0.0006794258373205742,1493.774019984627,281.651376146789
0.0006889952153110049,1494.0046118370483,280.73394495412845
0.0006985645933014354,1494.2352036894697,280.73394495412845
0.0007081339712918661,1494.4657955418909,279.8165137614679
0.0007177033492822966,1494.696387394312,280.73394495412845
0.0007272727272727273,1494.9269792467333,280.73394495412845
0.0007368421052631579,1495.1575710991544,281.651376146789
0.0007368421052631579,1495.3881629515756,288.07339449541286
0.0007272727272727273,1495.618754803997,288.9908256880734
0.0006889952153110049,1495.8493466564182,288.9908256880734
0.0006889952153110049,1496.0799385088394,288.07339449541286
0.0006794258373205742,1496.3105303612606,287.1559633027523
0.0006794258373205742,1496.5411222136818,282.56880733944956
0.0006698564593301436,1496.771714066103,281.651376146789
0.0006602870813397129,1497.0023059185241,281.651376146789
0.0006411483253588518,1497.2328977709453,279.8165137614679
0.0006315789473684211,1497.4634896233665,279.8165137614679
0.0006220095693779905,1497.6940814757877,280.73394495412845
0.0006411483253588518,1497.924673328209,282.56880733944956
0.0006411483253588518,1498.1552651806303,287.1559633027523
0.0006220095693779905,1498.3858570330515,287.1559633027523
0.0006124401913875598,1498.6164488854727,288.07339449541286
0.0006220095693779905,1498.8470407378938,288.9908256880734
0.0006507177033492822,1499.0776325903153,288.9908256880734
0.0006602870813397129,1499.3082244427364,288.07339449541286
0.0006602870813397129,1499.5388162951576,284.4036697247706
0.0006602870813397129,1499.7694081475788,288.07339449541286
0.0006507177033492822,1500.0,288.9908256880734
